{
    "name": "Visit Alyssa",
    "Description": "",
    "requires": [ ""],
    "requiresEvent": [
                        {
                          "NameOfEvent": "Scorched Path",
                          "Progress": "2",
                          "ChoiceNumber": "-1",
                          "Choice": ""
                        }
                      ],
    "Deck": [ "Event", "Scorched Path"],
    "RandomEvents": [ ""],
    "RandomMonsters": [ "Blue Slime", "Lizard Girl"],
    "MonsterGroups": [
                  {
                      "Group": [ "Blue Slime"]
                  },
                  {
                      "Group": [ "Lizard Girl"]
                  }
                ],
    "Treasure": [
                {
                    "Common": [ "Calming Potion", "Anaph Herb", "Ugli Herb"]
                },
                {
                    "Uncommon": [ "Calming Potion", "Energy Potion", "Unbound Rune", "Stoic Rune", "Luck Rune", "Soothing Potion"]
                },
                {
                    "Rare": [ "Panacea", "Luck Rune", "Stoic Rune", "Gloves of Skill", "Cock Ring of Justice", "Power Belt"]
                }
              ],
    "Eros": [
                {
                    "Common": "25"
                },
                {
                    "Uncommon": "75"
                },
                {
                    "Rare": "150"
                }
              ]
}
