{
  "name": "Alyssa",
  "IDname": "Alyssa",
  "species": "",
  "gender": "female",
  "description": "A woman with a height comparative to that of the average human female, with short, sunflower blonde hair, strikingly clear eyes of contrasting colors, and smooth peach pale skin.\n\nHer head is adorned with a set of two corrugated horns and a pair of round fluffy ears at the sides of her head, while a set of two large draconic wings sprout from her upper back and a large serpent-like tail, connects to her rear.\n\nHer right arm is replaced by a paw, reminiscent to that of a lion’s, and is covered in long shaggy hair, while her other arm is covered in large rigid scales ending with a dangerous looking clawed hand.\n\nHer body is covered in a black, tight fitting garment, showcasing her D cup breasts and her fit, curvy body.\n\nFinally, a layer of fur covers her legs starting from her thighs before ending above her hooved feet.",
  "encyclopedia": "",
  "tags": "none",
  "generic": "False",
  "requires": [ ""],
  "requiresEvent": [
                      {
                        "NameOfEvent": "",
                        "Progress": "-99",
                        "ChoiceNumber": "-1",
                        "Choice": ""
                      }
                    ],
  "skillList": [ ""],
  "perks": [ ""],
  "stats": { "lvl": "1",
            "Exp": "10",
            "max_hp": "100",
            "max_ep": "10",
            "max_sp": "1",
            "Power": "5",
            "Technique": "5",
            "Intelligence": "5",
            "Allure": "5",
            "Willpower": "5",
            "Luck": "5"
  },
  "Fetishes": [ ""],
  "BodySensitivity": { "Sex": "100",
            "Ass": "100",
            "Breasts": "100",
            "Mouth": "100",
            "Seduction": "100",
            "Magic": "100",
            "Pain": "100",
            "Holy": "100",
            "Unholy": "100"
  },
  "resistancesStatusEffects": {
            "Stun": "0",
            "Charm": "0",
            "Aphrodisiac": "0",
            "Restraints": "0",
            "Sleep": "0",
            "Trance": "0",
            "Paralysis": "0",
            "Debuff": "0"
  },
  "moneyDropped": "0",
  "ItemDropList": [
                    {
                      "name": "Anaph Herb",
                      "dropChance": "75"
                    }
                  ],
  "lossScenes": [
                  {
                      "NameOfScene": "",
                      "move": "",
                      "stance": "",
                      "includes": [ ""],
                      "theScene": [ ""
                                ],
                      "picture": ""
                  }
                ],
  "combatDialogue": [
                      {
                          "lineTrigger": "HitWith",
                          "move": "Spank",
                          "theText": [ ""
                                      ]
                      },
                      {
                          "lineTrigger": "UsesMove",
                          "move": "",
                          "theText": [ "''"]
                      },
                      {
                          "lineTrigger": "LowHealth",
                          "move": "",
                          "theText": [ "''"]
                      },
                      {
                          "lineTrigger": "PlayerLowHealth",
                          "move": "",
                          "theText": [ "''"]
                      },
                      {
                          "lineTrigger": "OnPlayerOrgasm",
                          "move": "",
                          "theText": [ ""
                                    ]
                      },
                      {
                          "lineTrigger": "OnOrgasm",
                          "move": "",
                          "theText": [ ""
                                    ]
                      },
                      {
                          "lineTrigger": "OnSurrender",
                          "move": "",
                          "theText": [ ""]
                      }
                    ],
"victoryScenes": [
          {
              "NameOfScene": "",
              "move": "",
              "stance": "",
              "includes": [ ""],
              "theScene": [ ""
                        ],
              "picture": ""
          }
      ],
"pictures": [
            {
                "Name": "Base",
                "StartOn": "1",
                "AlwaysOn": "1",
                "IsScene": "0",
                "TheBody": "1",
                "Overlay": "No",
                "setXalign": "0.0",
                "setYalign": "0.18",
                "Images": [
                {
                    "Name": "Base",
                    "File": "../Mods/Scorched_Path/Images/MGE_Chimera_resized_87%.png",
                    "setXalign": "0.0",
                    "setYalign": "0.0"
                }
              ]
            }
          ]

  }
