{
    "name": "Mountain",
    "Addition": "Yes",
    "Monsters": [""],
    "MonsterGroups": [
                  {
                      "Group": [""]
                  }

                ],
    "Events": ["Scorched Path"],
    "Quests": [""],
    "Adventures": ["Visit Alyssa"],
    "Treasure": [
                {
                    "Common": [""]
                },
                {
                    "Uncommon": [""]
                },
                {
                    "Rare": [""]
                }
              ]
}
